1,Chapter 21,1,4/9/2024 11:27
2,Chapter 20,1,4/9/2024 11:27
3,Chapter 19,1,4/9/2024 11:28
4,Chapter 18,1,4/9/2024 11:29
5,Chapter 17,1,4/9/2024 11:30
6,Chapter 16,1,4/9/2024 11:30
7,Chapter 15,1,4/9/2024 11:31
8,Chapter 14,1,4/9/2024 11:32
9,Chapter 13,1,4/9/2024 11:32
10,Chapter 12,1,4/9/2024 11:33
11,Chapter 11,1,4/9/2024 11:34
12,Chapter 10,1,4/9/2024 11:35
13,Chapter 9,1,4/9/2024 11:35
14,Chapter 8,1,4/9/2024 11:36
15,Chapter 7,1,4/9/2024 11:37
16,Chapter 6,1,4/9/2024 11:37
17,Chapter 5,1,4/9/2024 11:38
18,Chapter 4,1,4/9/2024 11:39
19,Chapter 3,1,4/9/2024 11:39
20,Chapter 2,1,4/9/2024 11:41
21,Chapter 1,1,4/9/2024 11:42
22,Chapter 20,2,4/9/2024 11:44
23,Chapter 19,2,4/9/2024 11:45
24,Chapter 18,2,4/9/2024 11:46
25,Chapter 17,2,4/9/2024 11:46
26,Chapter 16,2,4/9/2024 11:47
27,Chapter 15,2,4/9/2024 11:48
28,Chapter 14,2,4/9/2024 11:49
29,Chapter 13,2,4/9/2024 11:50
30,Chapter 12,2,4/9/2024 11:51
31,Chapter 11,2,4/9/2024 11:52
32,Chapter 10,2,4/9/2024 11:53
33,Chapter 9,2,4/9/2024 11:54
34,Chapter 8,2,4/9/2024 11:55
35,Chapter 7,2,4/9/2024 11:56
36,Chapter 6,2,4/9/2024 11:57
37,Chapter 5,2,4/9/2024 11:58
38,Chapter 4,2,4/9/2024 11:59
39,Chapter 3,2,4/9/2024 11:59
40,Chapter 2,2,4/9/2024 12:01
41,Chapter 1,2,4/9/2024 12:02
42,Chapter 11,3,4/9/2024 12:04
43,Chapter 10,3,4/9/2024 12:05
44,Chapter 9,3,4/9/2024 12:06
45,Chapter 8,3,4/9/2024 12:07
46,Chapter 7,3,4/9/2024 15:51
47,Chapter 6,3,4/9/2024 15:51
48,Chapter 5,3,4/9/2024 15:52
49,Chapter 4,3,4/9/2024 15:52
50,Chapter 3,3,4/9/2024 15:53
51,Chapter 2,3,4/9/2024 15:55
52,Chapter 1,3,4/9/2024 15:55
53,Chapter 16,4,04/09/2024 16:03:42
54,Chapter 15,4,04/09/2024 16:04:13
55,Chapter 14,4,04/09/2024 16:04:43
56,Chapter 13,4,04/09/2024 16:05:25
57,Chapter 12,4,04/09/2024 16:06:18
58,Chapter 11,4,04/09/2024 16:06:58
59,Chapter 10,4,04/09/2024 16:07:09
60,Chapter 9,4,04/09/2024 16:07:55
61,Chapter 8,4,04/09/2024 16:08:36
62,Chapter 7,4,04/09/2024 16:09:39
63,Chapter 6,4,04/09/2024 16:10:21
64,Chapter 5,4,04/09/2024 16:11:00
65,Chapter 4,4,04/09/2024 16:11:24
66,Chapter 3,4,04/09/2024 16:12:05
67,Chapter 2,4,04/09/2024 16:13:11
68,Chapter 1,4,04/09/2024 16:14:18
69,Chapter 28,5,04/09/2024 16:15:55
70,Chapter 27,5,04/09/2024 16:16:20
71,Chapter 26,5,04/09/2024 16:16:43
72,Chapter 25,5,04/09/2024 16:17:07
73,Chapter 24,5,04/09/2024 16:17:27
74,Chapter 23,5,04/09/2024 16:17:50
75,Chapter 22,5,04/09/2024 16:18:16
76,Chapter 21,5,04/09/2024 16:18:39
77,Chapter 20,5,04/09/2024 16:19:04
78,Chapter 19,5,04/09/2024 16:19:27
79,Chapter 18,5,04/09/2024 16:19:51
80,Chapter 17,5,04/09/2024 16:20:07
81,Chapter 16,5,04/09/2024 16:20:31
82,Chapter 15,5,04/09/2024 16:20:56
83,Chapter 14,5,04/09/2024 16:21:25
84,Chapter 13,5,04/09/2024 16:21:46
85,Chapter 12,5,04/09/2024 16:22:07
86,Chapter 11,5,04/09/2024 16:22:28
87,Chapter 10,5,04/09/2024 16:22:48
88,Chapter 9,5,04/09/2024 16:23:07
89,Chapter 8,5,04/09/2024 16:23:29
90,Chapter 7,5,04/09/2024 16:23:49
91,Chapter 6,5,04/09/2024 16:24:12
92,Chapter 5,5,04/09/2024 16:24:36
93,Chapter 4,5,04/09/2024 16:25:00
94,Chapter 3,5,04/09/2024 16:25:22
95,Chapter 2,5,04/09/2024 16:25:48
96,Chapter 1,5,04/09/2024 16:26:16
97,Chapter 5,6,04/09/2024 17:03:16
98,Chapter 4,6,04/09/2024 17:12:14
99,Chapter 3,6,04/09/2024 18:58:02
100,Chapter 2,6,04/09/2024 18:58:53
101,Chapter 1,6,04/09/2024 18:59:52
102,Chapter 17,7,04/09/2024 19:01:21
103,Chapter 16,7,04/09/2024 19:01:47
104,Chapter 15,7,04/09/2024 19:02:11
105,Chapter 14,7,04/09/2024 19:02:45
106,Chapter 13,7,04/09/2024 19:03:15
107,Chapter 12,7,04/09/2024 19:03:44
108,Chapter 11,7,04/09/2024 19:04:15
109,Chapter 10,7,04/09/2024 19:04:46
110,Chapter 9,7,04/09/2024 19:05:22
111,Chapter 8,7,04/09/2024 19:05:43
112,Chapter 7,7,04/09/2024 19:05:58
113,Chapter 6,7,04/09/2024 19:06:14
114,Chapter 5,7,04/09/2024 19:06:33
115,Chapter 4,7,04/09/2024 19:06:53
116,Chapter 3,7,04/09/2024 19:07:14
117,Chapter 2,7,04/09/2024 19:07:34
118,Chapter 1,7,04/09/2024 19:07:54
119,Chapter 15,8,04/09/2024 19:09:30
120,Chapter 14.5,8,04/09/2024 19:09:50
121,Chapter 14,8,04/09/2024 19:10:05
122,Chapter 13,8,04/09/2024 19:10:27
123,Chapter 12,8,04/09/2024 19:10:49
124,Chapter 11,8,04/09/2024 19:11:10
125,Chapter 10,8,04/09/2024 19:11:34
126,Chapter 9,8,04/09/2024 19:12:37
127,Chapter 8,8,04/09/2024 19:13:05
128,Chapter 7,8,04/09/2024 19:13:25
129,Chapter 6,8,04/09/2024 19:13:41
130,Chapter 5,8,04/09/2024 19:13:57
131,Chapter 4,8,04/09/2024 19:14:17
132,Chapter 3,8,04/09/2024 19:14:37
133,Chapter 2,8,04/09/2024 19:14:55
134,Chapter 1,8,04/09/2024 19:15:14
135,Chapter 12,9,05/09/2024 09:56:45
136,Chapter 11,9,05/09/2024 09:57:33
137,Chapter 10,9,05/09/2024 09:58:00
138,Chapter 9,9,05/09/2024 09:58:40
139,Chapter 8,9,05/09/2024 09:59:15
140,Chapter 7,9,05/09/2024 09:59:32
141,Chapter 6,9,05/09/2024 10:00:03
142,Chapter 5,9,05/09/2024 10:00:38
143,Chapter 4,9,05/09/2024 10:01:18
144,Chapter 3,9,05/09/2024 10:01:58
145,Chapter 2,9,05/09/2024 10:02:38
146,Chapter 1,9,05/09/2024 10:03:07
147,Chapter 18,10,05/09/2024 10:57:35
148,Chapter 17,10,05/09/2024 10:58:42
149,Chapter 16,10,05/09/2024 10:59:13
150,Chapter 15,10,05/09/2024 10:59:54
151,Chapter 14,10,05/09/2024 11:00:37
152,Chapter 13,10,05/09/2024 11:00:54
153,Chapter 12,10,05/09/2024 11:01:51
154,Chapter 11,10,05/09/2024 11:02:25
155,Chapter 10,10,05/09/2024 11:02:49
156,Chapter 9.5,10,05/09/2024 11:03:11
157,Chapter 9,10,05/09/2024 11:03:25
158,Chapter 8,10,05/09/2024 11:03:47
159,Chapter 7,10,05/09/2024 11:04:02
160,Chapter 6,10,05/09/2024 11:04:19
161,Chapter 5,10,05/09/2024 11:04:40
162,Chapter 4,10,05/09/2024 11:05:06
163,Chapter 3,10,05/09/2024 11:05:26
164,Chapter 2,10,05/09/2024 11:05:52
165,Chapter 1,10,05/09/2024 11:06:21
166,Chapter 19,11,05/09/2024 11:06:55
167,Chapter 18,11,05/09/2024 11:07:10
168,Chapter 17,11,05/09/2024 11:07:26
169,Chapter 16,11,05/09/2024 11:07:42
170,Chapter 15,11,05/09/2024 11:07:58
171,Chapter 14,11,05/09/2024 11:08:15
172,Chapter 13,11,05/09/2024 11:08:38
173,Chapter 12,11,05/09/2024 11:08:58
174,Chapter 11,11,05/09/2024 11:09:26
175,Chapter 10,11,05/09/2024 11:09:43
176,Chapter 9,11,05/09/2024 11:10:05
177,Chapter 8,11,05/09/2024 11:10:34
178,Chapter 7,11,05/09/2024 11:10:59
179,Chapter 6,11,05/09/2024 11:11:21
180,Chapter 5,11,05/09/2024 11:11:42
181,Chapter 4,11,05/09/2024 11:12:02
182,Chapter 3,11,05/09/2024 11:12:18
183,Chapter 2,11,05/09/2024 11:12:33
184,Chapter 1,11,05/09/2024 11:12:54
185,Chapter 26,12,05/09/2024 11:13:35
186,Chapter 25,12,05/09/2024 11:13:49
187,Chapter 24,12,05/09/2024 11:14:08
188,Chapter 23,12,05/09/2024 11:14:27
189,Chapter 22,12,05/09/2024 11:14:47
190,Chapter 21,12,05/09/2024 11:15:05
191,Chapter 20,12,05/09/2024 11:15:24
192,Chapter 19,12,05/09/2024 11:15:45
193,Chapter 18,12,05/09/2024 11:16:16
194,Chapter 17,12,05/09/2024 11:16:40
195,Chapter 16,12,05/09/2024 11:17:05
196,Chapter 15,12,05/09/2024 11:17:36
197,Chapter 14,12,05/09/2024 11:18:01
198,Chapter 13,12,05/09/2024 11:18:34
199,Chapter 12,12,05/09/2024 11:18:49
200,Chapter 11,12,05/09/2024 11:19:08
201,Chapter 10,12,05/09/2024 11:19:29
202,Chapter 9,12,05/09/2024 11:19:56
203,Chapter 8,12,05/09/2024 11:20:27
204,Chapter 7,12,05/09/2024 11:21:00
205,Chapter 6,12,05/09/2024 11:21:24
206,Chapter 5,12,05/09/2024 11:21:43
207,Chapter 4,12,05/09/2024 11:22:07
208,Chapter 3,12,05/09/2024 11:22:24
209,Chapter 2,12,05/09/2024 11:22:57
210,Chapter 1,12,05/09/2024 11:23:16
211,Chapter 16,13,05/09/2024 11:24:02
212,Chapter 15,13,05/09/2024 11:24:29
213,Chapter 14,13,05/09/2024 11:25:21
214,Chapter 13,13,05/09/2024 11:25:40
215,Chapter 12,13,05/09/2024 11:26:33
216,Chapter 11,13,05/09/2024 11:26:54
217,Chapter 10,13,05/09/2024 11:27:40
218,Chapter 9,13,05/09/2024 11:28:21
219,Chapter 8,13,05/09/2024 11:29:27
220,Chapter 7,13,05/09/2024 11:29:41
221,Chapter 6.5,13,05/09/2024 11:30:09
222,Chapter 6,13,05/09/2024 11:30:34
223,Chapter 5,13,05/09/2024 11:30:54
224,Chapter 4,13,05/09/2024 11:31:17
225,Chapter 3,13,05/09/2024 11:32:12
226,Chapter 2,13,05/09/2024 11:32:33
227,Chapter 1,13,05/09/2024 11:32:54
228,Chapter 31,14,05/09/2024 11:33:31
229,Chapter 30,14,05/09/2024 11:34:00
230,Chapter 29,14,05/09/2024 11:34:21
231,Chapter 28,14,05/09/2024 11:34:50
232,Chapter 27,14,05/09/2024 11:35:13
233,Chapter 26,14,05/09/2024 11:35:34
234,Chapter 25,14,05/09/2024 11:35:56
235,Chapter 24,14,05/09/2024 11:36:15
236,Chapter 23,14,05/09/2024 11:36:41
237,Chapter 22,14,05/09/2024 11:37:06
238,Chapter 21,14,05/09/2024 11:37:27
239,Chapter 20,14,05/09/2024 11:37:48
240,Chapter 19,14,05/09/2024 11:38:15
241,Chapter 18,14,05/09/2024 11:38:44
242,Chapter 17,14,05/09/2024 11:39:01
243,Chapter 16,14,05/09/2024 11:39:25
244,Chapter 15,14,05/09/2024 11:39:50
245,Chapter 14,14,05/09/2024 11:40:13
246,Chapter 13,14,05/09/2024 11:40:28
247,Chapter 12,14,05/09/2024 11:40:46
248,Chapter 11,14,05/09/2024 11:41:11
249,Chapter 10,14,05/09/2024 11:41:41
250,Chapter 9,14,05/09/2024 11:42:05
251,Chapter 8,14,05/09/2024 11:42:31
252,Chapter 7,14,05/09/2024 11:42:50
253,Chapter 6,14,05/09/2024 11:43:12
254,Chapter 5,14,05/09/2024 11:43:39
255,Chapter 4,14,05/09/2024 11:44:02
256,Chapter 3,14,05/09/2024 11:44:28
257,Chapter 2,14,05/09/2024 11:45:06
258,Chapter 1,14,05/09/2024 11:45:40
259,Chapter 15,15,05/09/2024 12:00:52
260,Chapter 14,15,05/09/2024 12:01:47
261,Chapter 13,15,05/09/2024 12:02:30
262,Chapter 12,15,05/09/2024 12:03:26
263,Chapter 11,15,05/09/2024 12:04:09
264,Chapter 10.5,15,05/09/2024 12:05:09
265,Chapter 10,15,05/09/2024 12:05:26
266,Chapter 9,15,05/09/2024 12:06:08
267,Chapter 8,15,05/09/2024 12:06:55
268,Chapter 7,15,05/09/2024 12:07:39
269,Chapter 6,15,05/09/2024 12:08:20
270,Chapter 5,15,05/09/2024 12:09:19
271,Chapter 4,15,05/09/2024 12:10:23
272,Chapter 3,15,05/09/2024 12:11:24
273,Chapter 2,15,05/09/2024 12:12:21
274,Chapter 1,15,05/09/2024 12:13:58
275,Chapter 36,16,05/09/2024 12:16:25
276,Chapter 35,16,05/09/2024 12:17:01
277,Chapter 34,16,05/09/2024 12:38:45
278,Chapter 33,16,05/09/2024 12:39:20
279,Chapter 32,16,05/09/2024 12:40:01
280,Chapter 31,16,05/09/2024 12:40:42
281,Chapter 30,16,05/09/2024 12:41:20
282,Chapter 29,16,05/09/2024 12:41:57
283,Chapter 28,16,05/09/2024 12:42:42
284,Chapter 27,16,05/09/2024 12:43:19
285,Chapter 26,16,05/09/2024 12:43:54
286,Chapter 25,16,05/09/2024 12:44:28
287,Chapter 24,16,05/09/2024 12:45:04
288,Chapter 23,16,05/09/2024 12:45:42
289,Chapter 22,16,05/09/2024 12:46:03
290,Chapter 21,16,05/09/2024 12:46:38
291,Chapter 20,16,05/09/2024 12:46:57
292,Chapter 19,16,05/09/2024 12:47:16
293,Chapter 18,16,05/09/2024 12:47:56
294,Chapter 17.5,16,05/09/2024 12:48:42
295,Chapter 17,16,05/09/2024 12:48:57
296,Chapter 16,16,05/09/2024 12:49:50
297,Chapter 15,16,05/09/2024 12:50:40
298,Chapter 14,16,05/09/2024 12:51:22
299,Chapter 13,16,05/09/2024 12:52:15
300,Chapter 12,16,05/09/2024 12:53:03
301,Chapter 11.5,16,05/09/2024 12:53:43
302,Chapter 11,16,05/09/2024 12:53:57
303,Chapter 10,16,05/09/2024 14:25:59
304,Chapter 9,16,05/09/2024 14:27:01
305,Chapter 8.5,16,05/09/2024 14:27:45
306,Chapter 8,16,05/09/2024 14:28:00
307,Chapter 7,16,05/09/2024 14:28:55
308,Chapter 6,16,05/09/2024 14:29:49
309,Chapter 5.5,16,05/09/2024 14:30:46
310,Chapter 5,16,05/09/2024 14:31:00
311,Chapter 4,16,05/09/2024 14:32:02
312,Chapter 3,16,05/09/2024 14:33:06
313,Chapter 2,16,05/09/2024 14:34:04
314,Chapter 1,16,05/09/2024 14:35:27
315,Chapter 38,17,05/09/2024 15:27:32
316,Chapter 37,17,05/09/2024 15:28:23
317,Chapter 36,17,05/09/2024 15:28:54
318,Chapter 35,17,05/09/2024 15:29:45
319,Chapter 34,17,05/09/2024 15:30:06
320,Chapter 33,17,05/09/2024 15:30:45
321,Chapter 32,17,05/09/2024 15:31:21
322,Chapter 31,17,05/09/2024 15:31:51
323,Chapter 30,17,05/09/2024 15:32:36
324,Chapter 29,17,05/09/2024 15:33:17
325,Chapter 28,17,05/09/2024 15:33:42
326,Chapter 27,17,05/09/2024 15:34:15
327,Chapter 26,17,05/09/2024 15:34:59
328,Chapter 25,17,05/09/2024 15:35:36
329,Chapter 24,17,05/09/2024 15:36:13
330,Chapter 23,17,05/09/2024 15:36:34
331,Chapter 22,17,05/09/2024 15:36:54
332,Chapter 21,17,05/09/2024 15:37:13
333,Chapter 20,17,05/09/2024 15:37:50
334,Chapter 19,17,05/09/2024 15:38:20
335,Chapter 18,17,05/09/2024 15:38:57
336,Chapter 17,17,05/09/2024 15:39:36
337,Chapter 16,17,05/09/2024 15:40:16
338,Chapter 15,17,05/09/2024 15:40:59
339,Chapter 14,17,05/09/2024 15:41:34
340,Chapter 13,17,05/09/2024 15:41:55
341,Chapter 12.5,17,05/09/2024 15:42:37
342,Chapter 12,17,05/09/2024 15:42:51
343,Chapter 11,17,05/09/2024 15:43:10
344,Chapter 10,17,05/09/2024 15:43:33
345,Chapter 9,17,05/09/2024 15:43:52
346,Chapter 8,17,05/09/2024 15:44:13
347,Chapter 7,17,05/09/2024 15:44:42
348,Chapter 6,17,05/09/2024 15:45:03
349,Chapter 5,17,05/09/2024 15:45:49
350,Chapter 4,17,05/09/2024 15:46:36
351,Chapter 3,17,05/09/2024 15:47:10
352,Chapter 2,17,05/09/2024 15:48:12
353,Chapter 1,17,05/09/2024 15:49:19
